,model,accuracy,f1score,time
0,MultinomialNB,0.604,0.59097985339196,6.843790292739868
0,SVM,0.628,0.627941326895898,17.00182795524597
0,SVM,0.572,0.5725674137772045,19.165889263153076
