,Model,accuracy,f1score
0,MultinomialNB,0.7325,0.7297295746249328
0,LogisticRegression,0.6675,0.6698624289458296
