,model,accuracy,f1score,time
0,Logistic Regression,0.6825,0.680233389132056,14.688579797744751
0,MultinomialNB,0.7225,0.7156845936833047,3.7221381664276123
