,cutoff,accuracy,f1score,features
0,0,0.5333333333333333,0.5244301994301994,7279
0,1,0.5333333333333333,0.5255873015873015,3519
0,2,0.5666666666666667,0.5608058608058608,2418
0,3,0.5,0.4865079365079365,1870
0,4,0.5,0.4865079365079365,1519
0,5,0.5,0.4861111111111111,1271
0,6,0.4666666666666667,0.45201754385964915,1123
0,7,0.5,0.4861111111111111,1000
0,8,0.5,0.4861111111111111,884
0,9,0.4666666666666667,0.4460489993098689,781
0,10,0.5,0.47651515151515145,737
