,Stem,accuracy,f1score
0,True,0.7225,0.7174937358828606
0,False,0.715,0.7082406086323557
