,stem,accuracy,f1score
0,stem,0.604,0.59097985339196
0,lemmatize,0.604,0.5896280763022913
0,stem,0.604,0.59097985339196
0,lemmatize,0.604,0.5896280763022913
