,stem,accuracy,f1score
0,stem,0.5333333333333333,0.5244301994301994
0,lemmatize,0.5,0.4888888888888889
