,model,accuracy,f1score,time
0,MultinomialNB,0.58,0.5826264822134387,0.045479536056518555
0,"SVM, debug=False",0.36,0.40928851540616246,0.37909388542175293
