,model,accuracy,f1score,time
0,MultinomialNB,0.5333333333333333,0.5244301994301994,0.0152587890625
0,"SVM, debug=False",0.43333333333333335,0.4455667789001122,0.08888626098632812
