,model,accuracy,f1score,time
0,Logistic Regression,0.6,0.5951428571428571,1.2666897773742676
